<?xml version="1.0" encoding="UTF-8" ?>
<!DOCTYPE mapper PUBLIC "-//mybatis.org//DTD Mapper 3.0//EN" "http://mybatis.org/dtd/mybatis-3-mapper.dtd" >
<mapper namespace="com.liaoyun.mapper.UserMapper">
    <insert id="insertUserPassword">
        insert into app_user_password (user_id,user_name,password) values (LAST_INSERT_ID(),#{userName},#{password})
    </insert>
    <insert id="inserterUserInfo">
        insert into app_user_info (phone_number,Identity_card,Permissions) values (#{phoneNumber},#{identityCard},#{permissions})
    </insert>
    <select id="login" resultType="com.liaoyun.domain.loginUser">
        select id from password_user where username = #{username} and password = #{password}
    </select>
    <select id="selectOne" resultType="com.liaoyun.domain.AccountUserPassword">
        select * from app_user_password where user_name=#{username}
    </select>
    <select id="selectPermissionsById" resultType="java.lang.String">
        select permissions from app_user_info where user_id = #{userId}
    </select>
</mapper>